Title,Price (INR),Link
"iPhone 16 Pro Max 256 GB: 5G Mobile Phone with Camera Control, 4K 120 fps Dolby Vision and a Huge Leap in Battery Life. Works with AirPods; Desert Titanium","1,35,900",https://www.amazon.in/iPhone-16-Pro-Max-256/dp/B0DGHYDZR9/ref=sr_1_1?dib=eyJ2IjoiMSJ9.vB_DQIqpBbU0gO5332epH8yXU_OVdzSxPYL3ogDX_rVIt6Em6nQdjZ0JQ4y22larZkgQZYTsgZtGf1p73vzNxwO3S6ih0DqmQrTjoc6_TvIdUSKPlVFcm8vg5KwVa466wZ-NG_1DRnH7boIDGx9dZ5CyCI8VyoJZ_b89oOfR1Y4p_WpJzq-ksBlBHnwoRGGXQCr5b9kKJC15sO0Jp3dlMB6JhUxAYeisWFvk0BsRAr8.ows3m4M87waScQ2e8pKyXj2x3D1byXdkhJ-UUnvCvLg&dib_tag=se&keywords=iphone&qid=1750308289&sr=8-1
Apple iPhone 15 (128 GB) - Blue,"59,900",https://www.amazon.in/Apple-iPhone-15-128-GB/dp/B0CHX2F5QT/ref=sr_1_2?dib=eyJ2IjoiMSJ9.vB_DQIqpBbU0gO5332epH8yXU_OVdzSxPYL3ogDX_rVIt6Em6nQdjZ0JQ4y22larZkgQZYTsgZtGf1p73vzNxwO3S6ih0DqmQrTjoc6_TvIdUSKPlVFcm8vg5KwVa466wZ-NG_1DRnH7boIDGx9dZ5CyCI8VyoJZ_b89oOfR1Y4p_WpJzq-ksBlBHnwoRGGXQCr5b9kKJC15sO0Jp3dlMB6JhUxAYeisWFvk0BsRAr8.ows3m4M87waScQ2e8pKyXj2x3D1byXdkhJ-UUnvCvLg&dib_tag=se&keywords=iphone&qid=1750308289&sr=8-2
"iPhone 16 Pro 256 GB: 5G Mobile Phone with Camera Control, 4K 120 fps Dolby Vision and a Huge Leap in Battery Life. Works with AirPods; Black Titanium","1,21,900",https://www.amazon.in/iPhone-16-Pro-256-GB/dp/B0DGJC8DG8/ref=sr_1_3?dib=eyJ2IjoiMSJ9.vB_DQIqpBbU0gO5332epH8yXU_OVdzSxPYL3ogDX_rVIt6Em6nQdjZ0JQ4y22larZkgQZYTsgZtGf1p73vzNxwO3S6ih0DqmQrTjoc6_TvIdUSKPlVFcm8vg5KwVa466wZ-NG_1DRnH7boIDGx9dZ5CyCI8VyoJZ_b89oOfR1Y4p_WpJzq-ksBlBHnwoRGGXQCr5b9kKJC15sO0Jp3dlMB6JhUxAYeisWFvk0BsRAr8.ows3m4M87waScQ2e8pKyXj2x3D1byXdkhJ-UUnvCvLg&dib_tag=se&keywords=iphone&qid=1750308289&sr=8-3
"iPhone 16 128 GB: 5G Mobile Phone with Camera Control, A18 Chip and a Big Boost in Battery Life. Works with AirPods; Teal","73,500",https://www.amazon.in/iPhone-16-128-GB-Control/dp/B0DGJH8RYG/ref=sr_1_4?dib=eyJ2IjoiMSJ9.vB_DQIqpBbU0gO5332epH8yXU_OVdzSxPYL3ogDX_rVIt6Em6nQdjZ0JQ4y22larZkgQZYTsgZtGf1p73vzNxwO3S6ih0DqmQrTjoc6_TvIdUSKPlVFcm8vg5KwVa466wZ-NG_1DRnH7boIDGx9dZ5CyCI8VyoJZ_b89oOfR1Y4p_WpJzq-ksBlBHnwoRGGXQCr5b9kKJC15sO0Jp3dlMB6JhUxAYeisWFvk0BsRAr8.ows3m4M87waScQ2e8pKyXj2x3D1byXdkhJ-UUnvCvLg&dib_tag=se&keywords=iphone&qid=1750308289&sr=8-4
Apple iPhone 15 (128 GB) - Black,"59,800",https://www.amazon.in/Apple-iPhone-15-128-GB/dp/B0CHX1W1XY/ref=sr_1_5?dib=eyJ2IjoiMSJ9.vB_DQIqpBbU0gO5332epH8yXU_OVdzSxPYL3ogDX_rVIt6Em6nQdjZ0JQ4y22larZkgQZYTsgZtGf1p73vzNxwO3S6ih0DqmQrTjoc6_TvIdUSKPlVFcm8vg5KwVa466wZ-NG_1DRnH7boIDGx9dZ5CyCI8VyoJZ_b89oOfR1Y4p_WpJzq-ksBlBHnwoRGGXQCr5b9kKJC15sO0Jp3dlMB6JhUxAYeisWFvk0BsRAr8.ows3m4M87waScQ2e8pKyXj2x3D1byXdkhJ-UUnvCvLg&dib_tag=se&keywords=iphone&qid=1750308289&sr=8-5
Apple iPhone 15 (128 GB) - Pink,"59,700",https://www.amazon.in/Apple-iPhone-15-128-GB/dp/B0CHX3TW6X/ref=sr_1_6?dib=eyJ2IjoiMSJ9.vB_DQIqpBbU0gO5332epH8yXU_OVdzSxPYL3ogDX_rVIt6Em6nQdjZ0JQ4y22larZkgQZYTsgZtGf1p73vzNxwO3S6ih0DqmQrTjoc6_TvIdUSKPlVFcm8vg5KwVa466wZ-NG_1DRnH7boIDGx9dZ5CyCI8VyoJZ_b89oOfR1Y4p_WpJzq-ksBlBHnwoRGGXQCr5b9kKJC15sO0Jp3dlMB6JhUxAYeisWFvk0BsRAr8.ows3m4M87waScQ2e8pKyXj2x3D1byXdkhJ-UUnvCvLg&dib_tag=se&keywords=iphone&qid=1750308289&sr=8-6
"iPhone 16e 128 GB: Built for Apple Intelligence, A18 Chip, Supersized Battery Life, 48MP Fusion. Camera, 15.40 cm (6.1″) Super Retina XDR Display; Black","53,600",https://www.amazon.in/iPhone-16e-128-Intelligence-Supersized/dp/B0DXQH1DBS/ref=sr_1_7?dib=eyJ2IjoiMSJ9.vB_DQIqpBbU0gO5332epH8yXU_OVdzSxPYL3ogDX_rVIt6Em6nQdjZ0JQ4y22larZkgQZYTsgZtGf1p73vzNxwO3S6ih0DqmQrTjoc6_TvIdUSKPlVFcm8vg5KwVa466wZ-NG_1DRnH7boIDGx9dZ5CyCI8VyoJZ_b89oOfR1Y4p_WpJzq-ksBlBHnwoRGGXQCr5b9kKJC15sO0Jp3dlMB6JhUxAYeisWFvk0BsRAr8.ows3m4M87waScQ2e8pKyXj2x3D1byXdkhJ-UUnvCvLg&dib_tag=se&keywords=iphone&qid=1750308289&sr=8-7
"iPhone 16 Pro 256 GB: 5G Mobile Phone with Camera Control, 4K 120 fps Dolby Vision and a Huge Leap in Battery Life. Works with AirPods; Desert Titanium","1,21,900",https://www.amazon.in/iPhone-16-Pro-256-GB/dp/B0DGJ6151N/ref=sr_1_8?dib=eyJ2IjoiMSJ9.vB_DQIqpBbU0gO5332epH8yXU_OVdzSxPYL3ogDX_rVIt6Em6nQdjZ0JQ4y22larZkgQZYTsgZtGf1p73vzNxwO3S6ih0DqmQrTjoc6_TvIdUSKPlVFcm8vg5KwVa466wZ-NG_1DRnH7boIDGx9dZ5CyCI8VyoJZ_b89oOfR1Y4p_WpJzq-ksBlBHnwoRGGXQCr5b9kKJC15sO0Jp3dlMB6JhUxAYeisWFvk0BsRAr8.ows3m4M87waScQ2e8pKyXj2x3D1byXdkhJ-UUnvCvLg&dib_tag=se&keywords=iphone&qid=1750308289&sr=8-8
"iPhone 16 256 GB: 5G Mobile Phone with Camera Control, A18 Chip and a Big Boost in Battery Life. Works with AirPods; Black","83,500",https://www.amazon.in/iPhone-16-256-GB-Control/dp/B0DGJ54GQW/ref=sr_1_9?dib=eyJ2IjoiMSJ9.vB_DQIqpBbU0gO5332epH8yXU_OVdzSxPYL3ogDX_rVIt6Em6nQdjZ0JQ4y22larZkgQZYTsgZtGf1p73vzNxwO3S6ih0DqmQrTjoc6_TvIdUSKPlVFcm8vg5KwVa466wZ-NG_1DRnH7boIDGx9dZ5CyCI8VyoJZ_b89oOfR1Y4p_WpJzq-ksBlBHnwoRGGXQCr5b9kKJC15sO0Jp3dlMB6JhUxAYeisWFvk0BsRAr8.ows3m4M87waScQ2e8pKyXj2x3D1byXdkhJ-UUnvCvLg&dib_tag=se&keywords=iphone&qid=1750308289&sr=8-9
"iPhone 16 Pro 128 GB: 5G Mobile Phone with Camera Control, 4K 120 fps Dolby Vision and a Huge Leap in Battery Life. Works with AirPods; Natural Titanium","1,11,900",https://www.amazon.in/iPhone-16-Pro-128-GB/dp/B0DGJH94KM/ref=sr_1_10?dib=eyJ2IjoiMSJ9.vB_DQIqpBbU0gO5332epH8yXU_OVdzSxPYL3ogDX_rVIt6Em6nQdjZ0JQ4y22larZkgQZYTsgZtGf1p73vzNxwO3S6ih0DqmQrTjoc6_TvIdUSKPlVFcm8vg5KwVa466wZ-NG_1DRnH7boIDGx9dZ5CyCI8VyoJZ_b89oOfR1Y4p_WpJzq-ksBlBHnwoRGGXQCr5b9kKJC15sO0Jp3dlMB6JhUxAYeisWFvk0BsRAr8.ows3m4M87waScQ2e8pKyXj2x3D1byXdkhJ-UUnvCvLg&dib_tag=se&keywords=iphone&qid=1750308289&sr=8-10
Apple iPhone 15 (256 GB) - Black,"70,300",https://www.amazon.in/Apple-iPhone-15-256-GB/dp/B0CHX2WQLX/ref=sr_1_11?dib=eyJ2IjoiMSJ9.vB_DQIqpBbU0gO5332epH8yXU_OVdzSxPYL3ogDX_rVIt6Em6nQdjZ0JQ4y22larZkgQZYTsgZtGf1p73vzNxwO3S6ih0DqmQrTjoc6_TvIdUSKPlVFcm8vg5KwVa466wZ-NG_1DRnH7boIDGx9dZ5CyCI8VyoJZ_b89oOfR1Y4p_WpJzq-ksBlBHnwoRGGXQCr5b9kKJC15sO0Jp3dlMB6JhUxAYeisWFvk0BsRAr8.ows3m4M87waScQ2e8pKyXj2x3D1byXdkhJ-UUnvCvLg&dib_tag=se&keywords=iphone&qid=1750308289&sr=8-11
"iPhone 16 Pro Max 256 GB: 5G Mobile Phone with Camera Control, 4K 120 fps Dolby Vision and a Huge Leap in Battery Life. Works with AirPods; Black Titanium","1,35,900",https://www.amazon.in/iPhone-16-Pro-Max-256/dp/B0DGJJM5HZ/ref=sr_1_12?dib=eyJ2IjoiMSJ9.vB_DQIqpBbU0gO5332epH8yXU_OVdzSxPYL3ogDX_rVIt6Em6nQdjZ0JQ4y22larZkgQZYTsgZtGf1p73vzNxwO3S6ih0DqmQrTjoc6_TvIdUSKPlVFcm8vg5KwVa466wZ-NG_1DRnH7boIDGx9dZ5CyCI8VyoJZ_b89oOfR1Y4p_WpJzq-ksBlBHnwoRGGXQCr5b9kKJC15sO0Jp3dlMB6JhUxAYeisWFvk0BsRAr8.ows3m4M87waScQ2e8pKyXj2x3D1byXdkhJ-UUnvCvLg&dib_tag=se&keywords=iphone&qid=1750308289&sr=8-12
"iPhone 16 128 GB: 5G Mobile Phone with Camera Control, A18 Chip and a Big Boost in Battery Life. Works with AirPods; White","73,500",https://www.amazon.in/iPhone-16-128-GB-Control/dp/B0DGHZWBYB/ref=sr_1_13?dib=eyJ2IjoiMSJ9.vB_DQIqpBbU0gO5332epH8yXU_OVdzSxPYL3ogDX_rVIt6Em6nQdjZ0JQ4y22larZkgQZYTsgZtGf1p73vzNxwO3S6ih0DqmQrTjoc6_TvIdUSKPlVFcm8vg5KwVa466wZ-NG_1DRnH7boIDGx9dZ5CyCI8VyoJZ_b89oOfR1Y4p_WpJzq-ksBlBHnwoRGGXQCr5b9kKJC15sO0Jp3dlMB6JhUxAYeisWFvk0BsRAr8.ows3m4M87waScQ2e8pKyXj2x3D1byXdkhJ-UUnvCvLg&dib_tag=se&keywords=iphone&qid=1750308289&sr=8-13
Apple iPhone 15 (128 GB) - Green,"59,900",https://www.amazon.in/Apple-iPhone-15-128-GB/dp/B0CHX6NQMD/ref=sr_1_14?dib=eyJ2IjoiMSJ9.vB_DQIqpBbU0gO5332epH8yXU_OVdzSxPYL3ogDX_rVIt6Em6nQdjZ0JQ4y22larZkgQZYTsgZtGf1p73vzNxwO3S6ih0DqmQrTjoc6_TvIdUSKPlVFcm8vg5KwVa466wZ-NG_1DRnH7boIDGx9dZ5CyCI8VyoJZ_b89oOfR1Y4p_WpJzq-ksBlBHnwoRGGXQCr5b9kKJC15sO0Jp3dlMB6JhUxAYeisWFvk0BsRAr8.ows3m4M87waScQ2e8pKyXj2x3D1byXdkhJ-UUnvCvLg&dib_tag=se&keywords=iphone&qid=1750308289&sr=8-14
Apple iPhone 15 (256 GB) - Blue,"70,400",https://www.amazon.in/Apple-iPhone-15-256-GB/dp/B0CHX6N27Y/ref=sr_1_15?dib=eyJ2IjoiMSJ9.vB_DQIqpBbU0gO5332epH8yXU_OVdzSxPYL3ogDX_rVIt6Em6nQdjZ0JQ4y22larZkgQZYTsgZtGf1p73vzNxwO3S6ih0DqmQrTjoc6_TvIdUSKPlVFcm8vg5KwVa466wZ-NG_1DRnH7boIDGx9dZ5CyCI8VyoJZ_b89oOfR1Y4p_WpJzq-ksBlBHnwoRGGXQCr5b9kKJC15sO0Jp3dlMB6JhUxAYeisWFvk0BsRAr8.ows3m4M87waScQ2e8pKyXj2x3D1byXdkhJ-UUnvCvLg&dib_tag=se&keywords=iphone&qid=1750308289&sr=8-15
Apple iPhone 15 Plus (128 GB) - Black,"72,900",https://www.amazon.in/Apple-iPhone-15-Plus-128/dp/B0CHXCR9CX/ref=sr_1_16?dib=eyJ2IjoiMSJ9.vB_DQIqpBbU0gO5332epH8yXU_OVdzSxPYL3ogDX_rVIt6Em6nQdjZ0JQ4y22larZkgQZYTsgZtGf1p73vzNxwO3S6ih0DqmQrTjoc6_TvIdUSKPlVFcm8vg5KwVa466wZ-NG_1DRnH7boIDGx9dZ5CyCI8VyoJZ_b89oOfR1Y4p_WpJzq-ksBlBHnwoRGGXQCr5b9kKJC15sO0Jp3dlMB6JhUxAYeisWFvk0BsRAr8.ows3m4M87waScQ2e8pKyXj2x3D1byXdkhJ-UUnvCvLg&dib_tag=se&keywords=iphone&qid=1750308289&sr=8-16
Apple iPhone 15 (256 GB) - Pink,"70,400",https://www.amazon.in/Apple-iPhone-15-256-GB/dp/B0CHX4CRND/ref=sr_1_17?dib=eyJ2IjoiMSJ9.k_F9TLiEb6M4E7Q4JscRnVUQWonQNqDKn3CqENn4er2bplYyZWOtaVDDRiBweLEoto9xw4Q9S0WgvoIcvO5DME-Ase9QWZ1FmmgcFyQK0B8LsEAerbCbBOa_QXcOdVRrWpXB9nYj4ALl8SiFiPVAJz-gOPQB32FxIW4po6XcrPkxaE3de_b5wXalJIxMdscHqqIQR7twkDgNNevIaqLB378B3yIUvubOT7cFB_T13Ag.pS7mE1HcTJ4kVSv_M0mMUNqVDCpUbF_T3Oge1AAgEv0&dib_tag=se&keywords=iphone&qid=1750308322&sr=8-17&xpid=4Os3N7ulCZUHa
"iPhone 16e 128 GB: Built for Apple Intelligence, A18 Chip, Supersized Battery Life, 48MP Fusion. Camera, 15.40 cm (6.1″) Super Retina XDR Display; White","53,600",https://www.amazon.in/iPhone-16e-128-Intelligence-Supersized/dp/B0DXQHMRCP/ref=sr_1_18?dib=eyJ2IjoiMSJ9.k_F9TLiEb6M4E7Q4JscRnVUQWonQNqDKn3CqENn4er2bplYyZWOtaVDDRiBweLEoto9xw4Q9S0WgvoIcvO5DME-Ase9QWZ1FmmgcFyQK0B8LsEAerbCbBOa_QXcOdVRrWpXB9nYj4ALl8SiFiPVAJz-gOPQB32FxIW4po6XcrPkxaE3de_b5wXalJIxMdscHqqIQR7twkDgNNevIaqLB378B3yIUvubOT7cFB_T13Ag.pS7mE1HcTJ4kVSv_M0mMUNqVDCpUbF_T3Oge1AAgEv0&dib_tag=se&keywords=iphone&qid=1750308322&sr=8-18&xpid=4Os3N7ulCZUHa
"iPhone 16 128 GB: 5G Mobile Phone with Camera Control, A18 Chip and a Big Boost in Battery Life. Works with AirPods; Ultramarine","73,500",https://www.amazon.in/iPhone-16-128-GB-Ultramarine/dp/B0DGJ7TGDR/ref=sr_1_19?dib=eyJ2IjoiMSJ9.k_F9TLiEb6M4E7Q4JscRnVUQWonQNqDKn3CqENn4er2bplYyZWOtaVDDRiBweLEoto9xw4Q9S0WgvoIcvO5DME-Ase9QWZ1FmmgcFyQK0B8LsEAerbCbBOa_QXcOdVRrWpXB9nYj4ALl8SiFiPVAJz-gOPQB32FxIW4po6XcrPkxaE3de_b5wXalJIxMdscHqqIQR7twkDgNNevIaqLB378B3yIUvubOT7cFB_T13Ag.pS7mE1HcTJ4kVSv_M0mMUNqVDCpUbF_T3Oge1AAgEv0&dib_tag=se&keywords=iphone&qid=1750308322&sr=8-19&xpid=4Os3N7ulCZUHa
"iPhone 16 128 GB: 5G Mobile Phone with Camera Control, A18 Chip and a Big Boost in Battery Life. Works with AirPods; Pink","73,500",https://www.amazon.in/iPhone-16-128-GB-Control/dp/B0DGJ8YZDF/ref=sr_1_20?dib=eyJ2IjoiMSJ9.k_F9TLiEb6M4E7Q4JscRnVUQWonQNqDKn3CqENn4er2bplYyZWOtaVDDRiBweLEoto9xw4Q9S0WgvoIcvO5DME-Ase9QWZ1FmmgcFyQK0B8LsEAerbCbBOa_QXcOdVRrWpXB9nYj4ALl8SiFiPVAJz-gOPQB32FxIW4po6XcrPkxaE3de_b5wXalJIxMdscHqqIQR7twkDgNNevIaqLB378B3yIUvubOT7cFB_T13Ag.pS7mE1HcTJ4kVSv_M0mMUNqVDCpUbF_T3Oge1AAgEv0&dib_tag=se&keywords=iphone&qid=1750308322&sr=8-20&xpid=4Os3N7ulCZUHa
Apple iPhone 13 (512 GB) - Green,"60,900",https://www.amazon.in/Apple-iPhone-13-512-GB/dp/B09V4KHL1B/ref=sr_1_21?dib=eyJ2IjoiMSJ9.k_F9TLiEb6M4E7Q4JscRnVUQWonQNqDKn3CqENn4er2bplYyZWOtaVDDRiBweLEoto9xw4Q9S0WgvoIcvO5DME-Ase9QWZ1FmmgcFyQK0B8LsEAerbCbBOa_QXcOdVRrWpXB9nYj4ALl8SiFiPVAJz-gOPQB32FxIW4po6XcrPkxaE3de_b5wXalJIxMdscHqqIQR7twkDgNNevIaqLB378B3yIUvubOT7cFB_T13Ag.pS7mE1HcTJ4kVSv_M0mMUNqVDCpUbF_T3Oge1AAgEv0&dib_tag=se&keywords=iphone&qid=1750308322&sr=8-21&xpid=4Os3N7ulCZUHa
Apple iPhone 13 (512GB) - Starlight,"60,900",https://www.amazon.in/Apple-iPhone-13-512GB-Starlight/dp/B09G99B791/ref=sr_1_22?dib=eyJ2IjoiMSJ9.k_F9TLiEb6M4E7Q4JscRnVUQWonQNqDKn3CqENn4er2bplYyZWOtaVDDRiBweLEoto9xw4Q9S0WgvoIcvO5DME-Ase9QWZ1FmmgcFyQK0B8LsEAerbCbBOa_QXcOdVRrWpXB9nYj4ALl8SiFiPVAJz-gOPQB32FxIW4po6XcrPkxaE3de_b5wXalJIxMdscHqqIQR7twkDgNNevIaqLB378B3yIUvubOT7cFB_T13Ag.pS7mE1HcTJ4kVSv_M0mMUNqVDCpUbF_T3Oge1AAgEv0&dib_tag=se&keywords=iphone&qid=1750308322&sr=8-22&xpid=4Os3N7ulCZUHa
"iPhone 16 Pro Max 256 GB: 5G Mobile Phone with Camera Control, 4K 120 fps Dolby Vision and a Huge Leap in Battery Life. Works with AirPods; Natural Titanium","1,34,900",https://www.amazon.in/iPhone-16-Pro-Max-256/dp/B0DGHYPFYB/ref=sr_1_23?dib=eyJ2IjoiMSJ9.k_F9TLiEb6M4E7Q4JscRnVUQWonQNqDKn3CqENn4er2bplYyZWOtaVDDRiBweLEoto9xw4Q9S0WgvoIcvO5DME-Ase9QWZ1FmmgcFyQK0B8LsEAerbCbBOa_QXcOdVRrWpXB9nYj4ALl8SiFiPVAJz-gOPQB32FxIW4po6XcrPkxaE3de_b5wXalJIxMdscHqqIQR7twkDgNNevIaqLB378B3yIUvubOT7cFB_T13Ag.pS7mE1HcTJ4kVSv_M0mMUNqVDCpUbF_T3Oge1AAgEv0&dib_tag=se&keywords=iphone&qid=1750308322&sr=8-23&xpid=4Os3N7ulCZUHa
Apple iPhone 13 (512GB) - Blue,"60,900",https://www.amazon.in/Apple-iPhone-13-512GB-Blue/dp/B09G9JJT7M/ref=sr_1_24?dib=eyJ2IjoiMSJ9.k_F9TLiEb6M4E7Q4JscRnVUQWonQNqDKn3CqENn4er2bplYyZWOtaVDDRiBweLEoto9xw4Q9S0WgvoIcvO5DME-Ase9QWZ1FmmgcFyQK0B8LsEAerbCbBOa_QXcOdVRrWpXB9nYj4ALl8SiFiPVAJz-gOPQB32FxIW4po6XcrPkxaE3de_b5wXalJIxMdscHqqIQR7twkDgNNevIaqLB378B3yIUvubOT7cFB_T13Ag.pS7mE1HcTJ4kVSv_M0mMUNqVDCpUbF_T3Oge1AAgEv0&dib_tag=se&keywords=iphone&qid=1750308322&sr=8-24&xpid=4Os3N7ulCZUHa
"iPhone 16 Plus 256 GB: 5G Mobile Phone with Camera Control, A18 Chip and a Big Boost in Battery Life. Works with AirPods; Black","92,900",https://www.amazon.in/iPhone-16-Plus-256-GB/dp/B0DGHT4K6Q/ref=sr_1_25?dib=eyJ2IjoiMSJ9.k_F9TLiEb6M4E7Q4JscRnVUQWonQNqDKn3CqENn4er2bplYyZWOtaVDDRiBweLEoto9xw4Q9S0WgvoIcvO5DME-Ase9QWZ1FmmgcFyQK0B8LsEAerbCbBOa_QXcOdVRrWpXB9nYj4ALl8SiFiPVAJz-gOPQB32FxIW4po6XcrPkxaE3de_b5wXalJIxMdscHqqIQR7twkDgNNevIaqLB378B3yIUvubOT7cFB_T13Ag.pS7mE1HcTJ4kVSv_M0mMUNqVDCpUbF_T3Oge1AAgEv0&dib_tag=se&keywords=iphone&qid=1750308322&sr=8-25&xpid=4Os3N7ulCZUHa
"iPhone 16 Pro 128 GB: 5G Mobile Phone with Camera Control, 4K 120 fps Dolby Vision and a Huge Leap in Battery Life. Works with AirPods; Black Titanium","1,11,900",https://www.amazon.in/iPhone-16-Pro-128-GB/dp/B0DGJ7X1DX/ref=sr_1_26?dib=eyJ2IjoiMSJ9.k_F9TLiEb6M4E7Q4JscRnVUQWonQNqDKn3CqENn4er2bplYyZWOtaVDDRiBweLEoto9xw4Q9S0WgvoIcvO5DME-Ase9QWZ1FmmgcFyQK0B8LsEAerbCbBOa_QXcOdVRrWpXB9nYj4ALl8SiFiPVAJz-gOPQB32FxIW4po6XcrPkxaE3de_b5wXalJIxMdscHqqIQR7twkDgNNevIaqLB378B3yIUvubOT7cFB_T13Ag.pS7mE1HcTJ4kVSv_M0mMUNqVDCpUbF_T3Oge1AAgEv0&dib_tag=se&keywords=iphone&qid=1750308322&sr=8-26&xpid=4Os3N7ulCZUHa
Apple iPhone 15 (256 GB) - Green,"70,400",https://www.amazon.in/Apple-iPhone-15-256-GB/dp/B0CHX41VNZ/ref=sr_1_27?dib=eyJ2IjoiMSJ9.k_F9TLiEb6M4E7Q4JscRnVUQWonQNqDKn3CqENn4er2bplYyZWOtaVDDRiBweLEoto9xw4Q9S0WgvoIcvO5DME-Ase9QWZ1FmmgcFyQK0B8LsEAerbCbBOa_QXcOdVRrWpXB9nYj4ALl8SiFiPVAJz-gOPQB32FxIW4po6XcrPkxaE3de_b5wXalJIxMdscHqqIQR7twkDgNNevIaqLB378B3yIUvubOT7cFB_T13Ag.pS7mE1HcTJ4kVSv_M0mMUNqVDCpUbF_T3Oge1AAgEv0&dib_tag=se&keywords=iphone&qid=1750308322&sr=8-27&xpid=4Os3N7ulCZUHa
Apple iPhone 14 (256 GB) - Blue,"63,900",https://www.amazon.in/Apple-iPhone-14-256GB-Blue/dp/B0BDJ1B1CS/ref=sr_1_28?dib=eyJ2IjoiMSJ9.k_F9TLiEb6M4E7Q4JscRnVUQWonQNqDKn3CqENn4er2bplYyZWOtaVDDRiBweLEoto9xw4Q9S0WgvoIcvO5DME-Ase9QWZ1FmmgcFyQK0B8LsEAerbCbBOa_QXcOdVRrWpXB9nYj4ALl8SiFiPVAJz-gOPQB32FxIW4po6XcrPkxaE3de_b5wXalJIxMdscHqqIQR7twkDgNNevIaqLB378B3yIUvubOT7cFB_T13Ag.pS7mE1HcTJ4kVSv_M0mMUNqVDCpUbF_T3Oge1AAgEv0&dib_tag=se&keywords=iphone&qid=1750308322&sr=8-28&xpid=4Os3N7ulCZUHa
"iPhone 16 256 GB: 5G Mobile Phone with Camera Control, A18 Chip and a Big Boost in Battery Life. Works with AirPods; Ultramarine","83,500",https://www.amazon.in/iPhone-16-256-GB-Ultramarine/dp/B0DGJ8N32F/ref=sr_1_29?dib=eyJ2IjoiMSJ9.k_F9TLiEb6M4E7Q4JscRnVUQWonQNqDKn3CqENn4er2bplYyZWOtaVDDRiBweLEoto9xw4Q9S0WgvoIcvO5DME-Ase9QWZ1FmmgcFyQK0B8LsEAerbCbBOa_QXcOdVRrWpXB9nYj4ALl8SiFiPVAJz-gOPQB32FxIW4po6XcrPkxaE3de_b5wXalJIxMdscHqqIQR7twkDgNNevIaqLB378B3yIUvubOT7cFB_T13Ag.pS7mE1HcTJ4kVSv_M0mMUNqVDCpUbF_T3Oge1AAgEv0&dib_tag=se&keywords=iphone&qid=1750308322&sr=8-29&xpid=4Os3N7ulCZUHa
"iPhone 16 Pro 128 GB: 5G Mobile Phone with Camera Control, 4K 120 fps Dolby Vision and a Huge Leap in Battery Life. Works with AirPods; Desert Titanium","1,11,900",https://www.amazon.in/iPhone-16-Pro-128-GB/dp/B0DGJ3THPR/ref=sr_1_30?dib=eyJ2IjoiMSJ9.k_F9TLiEb6M4E7Q4JscRnVUQWonQNqDKn3CqENn4er2bplYyZWOtaVDDRiBweLEoto9xw4Q9S0WgvoIcvO5DME-Ase9QWZ1FmmgcFyQK0B8LsEAerbCbBOa_QXcOdVRrWpXB9nYj4ALl8SiFiPVAJz-gOPQB32FxIW4po6XcrPkxaE3de_b5wXalJIxMdscHqqIQR7twkDgNNevIaqLB378B3yIUvubOT7cFB_T13Ag.pS7mE1HcTJ4kVSv_M0mMUNqVDCpUbF_T3Oge1AAgEv0&dib_tag=se&keywords=iphone&qid=1750308322&sr=8-30&xpid=4Os3N7ulCZUHa
"iPhone 16 Pro 128 GB: 5G Mobile Phone with Camera Control, 4K 120 fps Dolby Vision and a Huge Leap in Battery Life. Works with AirPods; White Titanium","1,10,900",https://www.amazon.in/iPhone-16-Pro-128-GB/dp/B0DGJBN8TV/ref=sr_1_31?dib=eyJ2IjoiMSJ9.k_F9TLiEb6M4E7Q4JscRnVUQWonQNqDKn3CqENn4er2bplYyZWOtaVDDRiBweLEoto9xw4Q9S0WgvoIcvO5DME-Ase9QWZ1FmmgcFyQK0B8LsEAerbCbBOa_QXcOdVRrWpXB9nYj4ALl8SiFiPVAJz-gOPQB32FxIW4po6XcrPkxaE3de_b5wXalJIxMdscHqqIQR7twkDgNNevIaqLB378B3yIUvubOT7cFB_T13Ag.pS7mE1HcTJ4kVSv_M0mMUNqVDCpUbF_T3Oge1AAgEv0&dib_tag=se&keywords=iphone&qid=1750308322&sr=8-31&xpid=4Os3N7ulCZUHa
"iPhone 16 128 GB: 5G Mobile Phone with Camera Control, A18 Chip and a Big Boost in Battery Life. Works with AirPods; Black","73,500",https://www.amazon.in/iPhone-16-128-GB-Control/dp/B0DGJHBX5Y/ref=sr_1_32?dib=eyJ2IjoiMSJ9.k_F9TLiEb6M4E7Q4JscRnVUQWonQNqDKn3CqENn4er2bplYyZWOtaVDDRiBweLEoto9xw4Q9S0WgvoIcvO5DME-Ase9QWZ1FmmgcFyQK0B8LsEAerbCbBOa_QXcOdVRrWpXB9nYj4ALl8SiFiPVAJz-gOPQB32FxIW4po6XcrPkxaE3de_b5wXalJIxMdscHqqIQR7twkDgNNevIaqLB378B3yIUvubOT7cFB_T13Ag.pS7mE1HcTJ4kVSv_M0mMUNqVDCpUbF_T3Oge1AAgEv0&dib_tag=se&keywords=iphone&qid=1750308322&sr=8-32&xpid=4Os3N7ulCZUHa
"Apple 20W USB-C Power Adapter (for iPhone, iPad & AirPods)","1,589",https://www.amazon.in/Apple-USB-C-Adapter-iPhone-AirPods/dp/B09794YHBS/ref=sr_1_33?dib=eyJ2IjoiMSJ9.akgNT-1kC6gS6yvlIfNRh3DBKKRdYmbKV1Am1iGQX7Iedvq7qFLV3BpMjf2AvEBwA2YJb_zt6PPjaeSz8krvPFnJ734JRvXjbZOlzQgjXK8ATVCrFXu-wsllbg6t5piGQLcJHlYNaiVR3gMShSJaWkrBnVufkAvrXSk6WG1ImZ3QqK-5o_ZkaK9HHjBPYBXRF-pUltnJKzSNuAhjaAQSKRJJ37Ghfu6oxeYWDi2jUI8.gFSn3DnF3zrr82s-Qac29WxkP4Qsqr56haWK-irIR34&dib_tag=se&keywords=iphone&qid=1750308354&sr=8-33&xpid=4Os3N7ulCZUHa
"iPhone 16 Pro 256 GB: 5G Mobile Phone with Camera Control, 4K 120 fps Dolby Vision and a Huge Leap in Battery Life. Works with AirPods; White Titanium","1,21,900",https://www.amazon.in/iPhone-16-Pro-256-GB/dp/B0DGHQ717F/ref=sr_1_34?dib=eyJ2IjoiMSJ9.akgNT-1kC6gS6yvlIfNRh3DBKKRdYmbKV1Am1iGQX7Iedvq7qFLV3BpMjf2AvEBwA2YJb_zt6PPjaeSz8krvPFnJ734JRvXjbZOlzQgjXK8ATVCrFXu-wsllbg6t5piGQLcJHlYNaiVR3gMShSJaWkrBnVufkAvrXSk6WG1ImZ3QqK-5o_ZkaK9HHjBPYBXRF-pUltnJKzSNuAhjaAQSKRJJ37Ghfu6oxeYWDi2jUI8.gFSn3DnF3zrr82s-Qac29WxkP4Qsqr56haWK-irIR34&dib_tag=se&keywords=iphone&qid=1750308354&sr=8-34&xpid=4Os3N7ulCZUHa
"iPhone 16 Plus 256 GB: 5G Mobile Phone with Camera Control, A18 Chip and a Big Boost in Battery Life. Works with AirPods; Ultrmarine","92,900",https://www.amazon.in/iPhone-16-Plus-256-Ultrmarine/dp/B0DGJGRDDS/ref=sr_1_35?dib=eyJ2IjoiMSJ9.akgNT-1kC6gS6yvlIfNRh3DBKKRdYmbKV1Am1iGQX7Iedvq7qFLV3BpMjf2AvEBwA2YJb_zt6PPjaeSz8krvPFnJ734JRvXjbZOlzQgjXK8ATVCrFXu-wsllbg6t5piGQLcJHlYNaiVR3gMShSJaWkrBnVufkAvrXSk6WG1ImZ3QqK-5o_ZkaK9HHjBPYBXRF-pUltnJKzSNuAhjaAQSKRJJ37Ghfu6oxeYWDi2jUI8.gFSn3DnF3zrr82s-Qac29WxkP4Qsqr56haWK-irIR34&dib_tag=se&keywords=iphone&qid=1750308354&sr=8-35&xpid=4Os3N7ulCZUHa
Apple iPhone 15 Plus (256 GB) - Black,"82,400",https://www.amazon.in/Apple-iPhone-15-Plus-256/dp/B0CHX488V6/ref=sr_1_36?dib=eyJ2IjoiMSJ9.akgNT-1kC6gS6yvlIfNRh3DBKKRdYmbKV1Am1iGQX7Iedvq7qFLV3BpMjf2AvEBwA2YJb_zt6PPjaeSz8krvPFnJ734JRvXjbZOlzQgjXK8ATVCrFXu-wsllbg6t5piGQLcJHlYNaiVR3gMShSJaWkrBnVufkAvrXSk6WG1ImZ3QqK-5o_ZkaK9HHjBPYBXRF-pUltnJKzSNuAhjaAQSKRJJ37Ghfu6oxeYWDi2jUI8.gFSn3DnF3zrr82s-Qac29WxkP4Qsqr56haWK-irIR34&dib_tag=se&keywords=iphone&qid=1750308354&sr=8-36&xpid=4Os3N7ulCZUHa
"iPhone 16 Pro 256 GB: 5G Mobile Phone with Camera Control, 4K 120 fps Dolby Vision and a Huge Leap in Battery Life. Works with AirPods; Natural Titanium","1,21,900",https://www.amazon.in/iPhone-16-Pro-256-GB/dp/B0DGHYQQ6J/ref=sr_1_37?dib=eyJ2IjoiMSJ9.akgNT-1kC6gS6yvlIfNRh3DBKKRdYmbKV1Am1iGQX7Iedvq7qFLV3BpMjf2AvEBwA2YJb_zt6PPjaeSz8krvPFnJ734JRvXjbZOlzQgjXK8ATVCrFXu-wsllbg6t5piGQLcJHlYNaiVR3gMShSJaWkrBnVufkAvrXSk6WG1ImZ3QqK-5o_ZkaK9HHjBPYBXRF-pUltnJKzSNuAhjaAQSKRJJ37Ghfu6oxeYWDi2jUI8.gFSn3DnF3zrr82s-Qac29WxkP4Qsqr56haWK-irIR34&dib_tag=se&keywords=iphone&qid=1750308354&sr=8-37&xpid=4Os3N7ulCZUHa
Apple iPhone 15 Plus (128 GB) - Blue,"72,900",https://www.amazon.in/Apple-iPhone-15-Plus-128/dp/B0CHX6X2WW/ref=sr_1_38?dib=eyJ2IjoiMSJ9.akgNT-1kC6gS6yvlIfNRh3DBKKRdYmbKV1Am1iGQX7Iedvq7qFLV3BpMjf2AvEBwA2YJb_zt6PPjaeSz8krvPFnJ734JRvXjbZOlzQgjXK8ATVCrFXu-wsllbg6t5piGQLcJHlYNaiVR3gMShSJaWkrBnVufkAvrXSk6WG1ImZ3QqK-5o_ZkaK9HHjBPYBXRF-pUltnJKzSNuAhjaAQSKRJJ37Ghfu6oxeYWDi2jUI8.gFSn3DnF3zrr82s-Qac29WxkP4Qsqr56haWK-irIR34&dib_tag=se&keywords=iphone&qid=1750308354&sr=8-38&xpid=4Os3N7ulCZUHa
"iPhone 16 256 GB: 5G Mobile Phone with Camera Control, A18 Chip and a Big Boost in Battery Life. Works with AirPods; White","83,500",https://www.amazon.in/iPhone-16-256-GB-Control/dp/B0DGJKT2V7/ref=sr_1_39?dib=eyJ2IjoiMSJ9.akgNT-1kC6gS6yvlIfNRh3DBKKRdYmbKV1Am1iGQX7Iedvq7qFLV3BpMjf2AvEBwA2YJb_zt6PPjaeSz8krvPFnJ734JRvXjbZOlzQgjXK8ATVCrFXu-wsllbg6t5piGQLcJHlYNaiVR3gMShSJaWkrBnVufkAvrXSk6WG1ImZ3QqK-5o_ZkaK9HHjBPYBXRF-pUltnJKzSNuAhjaAQSKRJJ37Ghfu6oxeYWDi2jUI8.gFSn3DnF3zrr82s-Qac29WxkP4Qsqr56haWK-irIR34&dib_tag=se&keywords=iphone&qid=1750308354&sr=8-39&xpid=4Os3N7ulCZUHa
"SKYCELL Charger Case Cover with Full Cable Protector 3D Cute Pattern Compatible for iPhone Charger Only 18W & 20W iPhone 16,iPhone 13,iPhone 15,iPhone 14 (Black Astronaut)",182,https://www.amazon.in/SKYCELL-Charger-Protector-Compatible-Astronaut/dp/B0DMM6XFXJ/ref=sr_1_40?dib=eyJ2IjoiMSJ9.akgNT-1kC6gS6yvlIfNRh3DBKKRdYmbKV1Am1iGQX7Iedvq7qFLV3BpMjf2AvEBwA2YJb_zt6PPjaeSz8krvPFnJ734JRvXjbZOlzQgjXK8ATVCrFXu-wsllbg6t5piGQLcJHlYNaiVR3gMShSJaWkrBnVufkAvrXSk6WG1ImZ3QqK-5o_ZkaK9HHjBPYBXRF-pUltnJKzSNuAhjaAQSKRJJ37Ghfu6oxeYWDi2jUI8.gFSn3DnF3zrr82s-Qac29WxkP4Qsqr56haWK-irIR34&dib_tag=se&keywords=iphone&qid=1750308354&sr=8-40&xpid=4Os3N7ulCZUHa
Apple iPhone 15 Plus (256 GB) - Pink,"81,900",https://www.amazon.in/Apple-iPhone-15-Plus-256/dp/B0CHX7STQQ/ref=sr_1_41?dib=eyJ2IjoiMSJ9.akgNT-1kC6gS6yvlIfNRh3DBKKRdYmbKV1Am1iGQX7Iedvq7qFLV3BpMjf2AvEBwA2YJb_zt6PPjaeSz8krvPFnJ734JRvXjbZOlzQgjXK8ATVCrFXu-wsllbg6t5piGQLcJHlYNaiVR3gMShSJaWkrBnVufkAvrXSk6WG1ImZ3QqK-5o_ZkaK9HHjBPYBXRF-pUltnJKzSNuAhjaAQSKRJJ37Ghfu6oxeYWDi2jUI8.gFSn3DnF3zrr82s-Qac29WxkP4Qsqr56haWK-irIR34&dib_tag=se&keywords=iphone&qid=1750308354&sr=8-41&xpid=4Os3N7ulCZUHa
"iPhone 16 256 GB: 5G Mobile Phone with Camera Control, A18 Chip and a Big Boost in Battery Life. Works with AirPods; Teal","83,500",https://www.amazon.in/iPhone-16-256-GB-Control/dp/B0DGJHBDTS/ref=sr_1_42?dib=eyJ2IjoiMSJ9.akgNT-1kC6gS6yvlIfNRh3DBKKRdYmbKV1Am1iGQX7Iedvq7qFLV3BpMjf2AvEBwA2YJb_zt6PPjaeSz8krvPFnJ734JRvXjbZOlzQgjXK8ATVCrFXu-wsllbg6t5piGQLcJHlYNaiVR3gMShSJaWkrBnVufkAvrXSk6WG1ImZ3QqK-5o_ZkaK9HHjBPYBXRF-pUltnJKzSNuAhjaAQSKRJJ37Ghfu6oxeYWDi2jUI8.gFSn3DnF3zrr82s-Qac29WxkP4Qsqr56haWK-irIR34&dib_tag=se&keywords=iphone&qid=1750308354&sr=8-42&xpid=4Os3N7ulCZUHa
"iPhone 16e 512 GB: Built for Apple Intelligence, A18 Chip, Supersized Battery Life, 48MP Fusion. Camera, 15.40 cm (6.1″) Super Retina XDR Display; Black","84,100",https://www.amazon.in/iPhone-16e-512-Intelligence-Supersized/dp/B0DXQJ1M7H/ref=sr_1_43?dib=eyJ2IjoiMSJ9.akgNT-1kC6gS6yvlIfNRh3DBKKRdYmbKV1Am1iGQX7Iedvq7qFLV3BpMjf2AvEBwA2YJb_zt6PPjaeSz8krvPFnJ734JRvXjbZOlzQgjXK8ATVCrFXu-wsllbg6t5piGQLcJHlYNaiVR3gMShSJaWkrBnVufkAvrXSk6WG1ImZ3QqK-5o_ZkaK9HHjBPYBXRF-pUltnJKzSNuAhjaAQSKRJJ37Ghfu6oxeYWDi2jUI8.gFSn3DnF3zrr82s-Qac29WxkP4Qsqr56haWK-irIR34&dib_tag=se&keywords=iphone&qid=1750308354&sr=8-43&xpid=4Os3N7ulCZUHa
"iPhone 16 512 GB: 5G Mobile Phone with Camera Control, A18 Chip and a Big Boost in Battery Life. Works with AirPods; Teal","1,00,900",https://www.amazon.in/iPhone-16-512-GB-Control/dp/B0DGJBZLD1/ref=sr_1_44?dib=eyJ2IjoiMSJ9.akgNT-1kC6gS6yvlIfNRh3DBKKRdYmbKV1Am1iGQX7Iedvq7qFLV3BpMjf2AvEBwA2YJb_zt6PPjaeSz8krvPFnJ734JRvXjbZOlzQgjXK8ATVCrFXu-wsllbg6t5piGQLcJHlYNaiVR3gMShSJaWkrBnVufkAvrXSk6WG1ImZ3QqK-5o_ZkaK9HHjBPYBXRF-pUltnJKzSNuAhjaAQSKRJJ37Ghfu6oxeYWDi2jUI8.gFSn3DnF3zrr82s-Qac29WxkP4Qsqr56haWK-irIR34&dib_tag=se&keywords=iphone&qid=1750308354&sr=8-44&xpid=4Os3N7ulCZUHa
Apple iPhone 13 (512GB) - Midnight,"60,900",https://www.amazon.in/Apple-iPhone-13-512GB-Midnight/dp/B09G984RNC/ref=sr_1_45?dib=eyJ2IjoiMSJ9.akgNT-1kC6gS6yvlIfNRh3DBKKRdYmbKV1Am1iGQX7Iedvq7qFLV3BpMjf2AvEBwA2YJb_zt6PPjaeSz8krvPFnJ734JRvXjbZOlzQgjXK8ATVCrFXu-wsllbg6t5piGQLcJHlYNaiVR3gMShSJaWkrBnVufkAvrXSk6WG1ImZ3QqK-5o_ZkaK9HHjBPYBXRF-pUltnJKzSNuAhjaAQSKRJJ37Ghfu6oxeYWDi2jUI8.gFSn3DnF3zrr82s-Qac29WxkP4Qsqr56haWK-irIR34&dib_tag=se&keywords=iphone&qid=1750308354&sr=8-45&xpid=4Os3N7ulCZUHa
USB C Cable to Lightning-20W Original [Apple-MFi Certified] Fast Charger Cable Power Charging Cord Compatible with iPhone 14/13/12/12 PRO Max/12/11/11PRO/XS/Max/XR/X/8/iPad (HB-AL6A013),379,https://www.amazon.in/Lightning-20W-Apple-MFi-Certified-Compatible-HB-AL6A013/dp/B0F882QHRM/ref=sr_1_46?dib=eyJ2IjoiMSJ9.akgNT-1kC6gS6yvlIfNRh3DBKKRdYmbKV1Am1iGQX7Iedvq7qFLV3BpMjf2AvEBwA2YJb_zt6PPjaeSz8krvPFnJ734JRvXjbZOlzQgjXK8ATVCrFXu-wsllbg6t5piGQLcJHlYNaiVR3gMShSJaWkrBnVufkAvrXSk6WG1ImZ3QqK-5o_ZkaK9HHjBPYBXRF-pUltnJKzSNuAhjaAQSKRJJ37Ghfu6oxeYWDi2jUI8.gFSn3DnF3zrr82s-Qac29WxkP4Qsqr56haWK-irIR34&dib_tag=se&keywords=iphone&qid=1750308354&sr=8-46&xpid=4Os3N7ulCZUHa
"OnePlus 13 | Smarter with OnePlus AI | Lifetime Display Warranty (16GB RAM, 512GB Storage Midnight Ocean)","76,997",https://www.amazon.in/OnePlus-13-512GB-Midnight-Ocean/dp/B0DQ8MJYXF/ref=sr_1_47?dib=eyJ2IjoiMSJ9.akgNT-1kC6gS6yvlIfNRh3DBKKRdYmbKV1Am1iGQX7Iedvq7qFLV3BpMjf2AvEBwA2YJb_zt6PPjaeSz8krvPFnJ734JRvXjbZOlzQgjXK8ATVCrFXu-wsllbg6t5piGQLcJHlYNaiVR3gMShSJaWkrBnVufkAvrXSk6WG1ImZ3QqK-5o_ZkaK9HHjBPYBXRF-pUltnJKzSNuAhjaAQSKRJJ37Ghfu6oxeYWDi2jUI8.gFSn3DnF3zrr82s-Qac29WxkP4Qsqr56haWK-irIR34&dib_tag=se&keywords=iphone&qid=1750308354&sr=8-47&xpid=4Os3N7ulCZUHa
Apple iPhone 15 Plus (128 GB) - Pink,"72,900",https://www.amazon.in/Apple-iPhone-15-Plus-128/dp/B0CHWYXK1R/ref=sr_1_48?dib=eyJ2IjoiMSJ9.akgNT-1kC6gS6yvlIfNRh3DBKKRdYmbKV1Am1iGQX7Iedvq7qFLV3BpMjf2AvEBwA2YJb_zt6PPjaeSz8krvPFnJ734JRvXjbZOlzQgjXK8ATVCrFXu-wsllbg6t5piGQLcJHlYNaiVR3gMShSJaWkrBnVufkAvrXSk6WG1ImZ3QqK-5o_ZkaK9HHjBPYBXRF-pUltnJKzSNuAhjaAQSKRJJ37Ghfu6oxeYWDi2jUI8.gFSn3DnF3zrr82s-Qac29WxkP4Qsqr56haWK-irIR34&dib_tag=se&keywords=iphone&qid=1750308354&sr=8-48&xpid=4Os3N7ulCZUHa
"OnePlus Nord CE4 Lite 5G (Super Silver, 8GB RAM, 128GB Storage) | Lifetime Display Warranty | 5500 mAh Battery, 80W SUPERVOOC and Reverse Charging | 50MP Camera with OIS | 120Hz AMOLED Display","17,997",https://www.amazon.in/OnePlus-Super-Silver-128GB-Storage/dp/B0D5YCYS1G/ref=sr_1_49?dib=eyJ2IjoiMSJ9.7RYT_Bty16VI2b_56uuvqvbHIUAnbJcrYt1GGpNLp42PPXVhSVmrynsc1FoWWaM-p-po9RBfarWRT81C9c8FEdot37iChneSTN_ACiXe-la7NdGL1Jgu8m_xbL_BfyrGLp8nmx2AmsgbknxRnKvBziqFK6mNqb_aPHcQaKchBaPHIiAvwajGQu4eCiAqpljEEHe2uvZzuLdnC9mlfDxQYZJ8-wEYCfx5rLPYrUPEydA.T-qO9cXYAos8pPSUJIm2X6DxVOtz3YJNnZNcI1TnZXs&dib_tag=se&keywords=iphone&qid=1750308386&sr=8-49&xpid=4Os3N7ulCZUHa
"iPhone 16 Pro Max 1 TB: 5G Mobile Phone with Camera Control, 4K 120 fps Dolby Vision and a Huge Leap in Battery Life. Works with AirPods; White Titanium","1,72,900",https://www.amazon.in/iPhone-16-Pro-Max-TB/dp/B0DGJ6FKJN/ref=sr_1_50?dib=eyJ2IjoiMSJ9.7RYT_Bty16VI2b_56uuvqvbHIUAnbJcrYt1GGpNLp42PPXVhSVmrynsc1FoWWaM-p-po9RBfarWRT81C9c8FEdot37iChneSTN_ACiXe-la7NdGL1Jgu8m_xbL_BfyrGLp8nmx2AmsgbknxRnKvBziqFK6mNqb_aPHcQaKchBaPHIiAvwajGQu4eCiAqpljEEHe2uvZzuLdnC9mlfDxQYZJ8-wEYCfx5rLPYrUPEydA.T-qO9cXYAos8pPSUJIm2X6DxVOtz3YJNnZNcI1TnZXs&dib_tag=se&keywords=iphone&qid=1750308386&sr=8-50&xpid=4Os3N7ulCZUHa
"Samsung Galaxy A55 5G (Awesome Iceblue, 8GB RAM, 128GB Storage) | Metal Frame | 50 MP Main Camera (OIS) | Nightography | IP67 | Corning Gorilla Glass Victus+ | sAMOLED with Vision Booster","25,999",https://www.amazon.in/Samsung-Awesome-Iceblue-Storage-Nightography/dp/B0CWPC2W5V/ref=sr_1_51?dib=eyJ2IjoiMSJ9.7RYT_Bty16VI2b_56uuvqvbHIUAnbJcrYt1GGpNLp42PPXVhSVmrynsc1FoWWaM-p-po9RBfarWRT81C9c8FEdot37iChneSTN_ACiXe-la7NdGL1Jgu8m_xbL_BfyrGLp8nmx2AmsgbknxRnKvBziqFK6mNqb_aPHcQaKchBaPHIiAvwajGQu4eCiAqpljEEHe2uvZzuLdnC9mlfDxQYZJ8-wEYCfx5rLPYrUPEydA.T-qO9cXYAos8pPSUJIm2X6DxVOtz3YJNnZNcI1TnZXs&dib_tag=se&keywords=iphone&qid=1750308386&sr=8-51&xpid=4Os3N7ulCZUHa
"Apple MacBook Air Laptop: Apple M1 chip, 13.3-inch/33.74 cm Retina Display, 8GB RAM, 256GB SSD Storage, Backlit Keyboard, FaceTime HD Camera, Touch ID. Works with iPhone/iPad; Space Grey","59,990",https://www.amazon.in/Apple-MacBook-Chip-13-inch-256GB/dp/B08N5W4NNB/ref=sr_1_52?dib=eyJ2IjoiMSJ9.7RYT_Bty16VI2b_56uuvqvbHIUAnbJcrYt1GGpNLp42PPXVhSVmrynsc1FoWWaM-p-po9RBfarWRT81C9c8FEdot37iChneSTN_ACiXe-la7NdGL1Jgu8m_xbL_BfyrGLp8nmx2AmsgbknxRnKvBziqFK6mNqb_aPHcQaKchBaPHIiAvwajGQu4eCiAqpljEEHe2uvZzuLdnC9mlfDxQYZJ8-wEYCfx5rLPYrUPEydA.T-qO9cXYAos8pPSUJIm2X6DxVOtz3YJNnZNcI1TnZXs&dib_tag=se&keywords=iphone&qid=1750308386&sr=8-52&xpid=4Os3N7ulCZUHa
"Apple iPad (10th Generation): with A14 Bionic chip, 27.69 cm (10.9″) Liquid Retina Display, 256GB, Wi-Fi 6, 12MP front/12MP Back Camera, Touch ID, All-Day Battery Life – Blue","34,999",https://www.amazon.in/Apple-iPad-10th-Generation-Display/dp/B0BJLDFNVL/ref=sr_1_53?dib=eyJ2IjoiMSJ9.7RYT_Bty16VI2b_56uuvqvbHIUAnbJcrYt1GGpNLp42PPXVhSVmrynsc1FoWWaM-p-po9RBfarWRT81C9c8FEdot37iChneSTN_ACiXe-la7NdGL1Jgu8m_xbL_BfyrGLp8nmx2AmsgbknxRnKvBziqFK6mNqb_aPHcQaKchBaPHIiAvwajGQu4eCiAqpljEEHe2uvZzuLdnC9mlfDxQYZJ8-wEYCfx5rLPYrUPEydA.T-qO9cXYAos8pPSUJIm2X6DxVOtz3YJNnZNcI1TnZXs&dib_tag=se&keywords=iphone&qid=1750308386&sr=8-53&xpid=4Os3N7ulCZUHa
Apple iPhone 15 (512 GB) - Yellow,"82,900",https://www.amazon.in/Apple-iPhone-15-512-GB/dp/B0CHX3QB9M/ref=sr_1_54?dib=eyJ2IjoiMSJ9.7RYT_Bty16VI2b_56uuvqvbHIUAnbJcrYt1GGpNLp42PPXVhSVmrynsc1FoWWaM-p-po9RBfarWRT81C9c8FEdot37iChneSTN_ACiXe-la7NdGL1Jgu8m_xbL_BfyrGLp8nmx2AmsgbknxRnKvBziqFK6mNqb_aPHcQaKchBaPHIiAvwajGQu4eCiAqpljEEHe2uvZzuLdnC9mlfDxQYZJ8-wEYCfx5rLPYrUPEydA.T-qO9cXYAos8pPSUJIm2X6DxVOtz3YJNnZNcI1TnZXs&dib_tag=se&keywords=iphone&qid=1750308386&sr=8-54&xpid=4Os3N7ulCZUHa
"iPhone 16 512 GB: 5G Mobile Phone with Camera Control, A18 Chip and a Big Boost in Battery Life. Works with AirPods; White","1,01,490",https://www.amazon.in/iPhone-16-512-GB-Control/dp/B0DGJGVK8T/ref=sr_1_55?dib=eyJ2IjoiMSJ9.7RYT_Bty16VI2b_56uuvqvbHIUAnbJcrYt1GGpNLp42PPXVhSVmrynsc1FoWWaM-p-po9RBfarWRT81C9c8FEdot37iChneSTN_ACiXe-la7NdGL1Jgu8m_xbL_BfyrGLp8nmx2AmsgbknxRnKvBziqFK6mNqb_aPHcQaKchBaPHIiAvwajGQu4eCiAqpljEEHe2uvZzuLdnC9mlfDxQYZJ8-wEYCfx5rLPYrUPEydA.T-qO9cXYAos8pPSUJIm2X6DxVOtz3YJNnZNcI1TnZXs&dib_tag=se&keywords=iphone&qid=1750308386&sr=8-55&xpid=4Os3N7ulCZUHa
"iPhone 16e 512 GB: Built for Apple Intelligence, A18 Chip, Supersized Battery Life, 48MP Fusion. Camera, 15.40 cm (6.1″) Super Retina XDR Display; Whit","84,100",https://www.amazon.in/iPhone-16e-512-Intelligence-Supersized/dp/B0DXQG457V/ref=sr_1_56?dib=eyJ2IjoiMSJ9.7RYT_Bty16VI2b_56uuvqvbHIUAnbJcrYt1GGpNLp42PPXVhSVmrynsc1FoWWaM-p-po9RBfarWRT81C9c8FEdot37iChneSTN_ACiXe-la7NdGL1Jgu8m_xbL_BfyrGLp8nmx2AmsgbknxRnKvBziqFK6mNqb_aPHcQaKchBaPHIiAvwajGQu4eCiAqpljEEHe2uvZzuLdnC9mlfDxQYZJ8-wEYCfx5rLPYrUPEydA.T-qO9cXYAos8pPSUJIm2X6DxVOtz3YJNnZNcI1TnZXs&dib_tag=se&keywords=iphone&qid=1750308386&sr=8-56&xpid=4Os3N7ulCZUHa
"iPhone 16 Pro Max 256 GB: 5G Mobile Phone with Camera Control, 4K 120 fps Dolby Vision and a Huge Leap in Battery Life. Works with AirPods; White Titanium","1,34,900",https://www.amazon.in/iPhone-16-Pro-Max-256/dp/B0DGJ3L6LR/ref=sr_1_57?dib=eyJ2IjoiMSJ9.7RYT_Bty16VI2b_56uuvqvbHIUAnbJcrYt1GGpNLp42PPXVhSVmrynsc1FoWWaM-p-po9RBfarWRT81C9c8FEdot37iChneSTN_ACiXe-la7NdGL1Jgu8m_xbL_BfyrGLp8nmx2AmsgbknxRnKvBziqFK6mNqb_aPHcQaKchBaPHIiAvwajGQu4eCiAqpljEEHe2uvZzuLdnC9mlfDxQYZJ8-wEYCfx5rLPYrUPEydA.T-qO9cXYAos8pPSUJIm2X6DxVOtz3YJNnZNcI1TnZXs&dib_tag=se&keywords=iphone&qid=1750308386&sr=8-57&xpid=4Os3N7ulCZUHa
"iPhone 16 Pro Max 1 TB: 5G Mobile Phone with Camera Control, 4K 120 fps Dolby Vision and a Huge Leap in Battery Life. Works with AirPods; Desert Titanium","1,72,900",https://www.amazon.in/iPhone-16-Pro-Max-TB/dp/B0DGJ1BY5T/ref=sr_1_58?dib=eyJ2IjoiMSJ9.7RYT_Bty16VI2b_56uuvqvbHIUAnbJcrYt1GGpNLp42PPXVhSVmrynsc1FoWWaM-p-po9RBfarWRT81C9c8FEdot37iChneSTN_ACiXe-la7NdGL1Jgu8m_xbL_BfyrGLp8nmx2AmsgbknxRnKvBziqFK6mNqb_aPHcQaKchBaPHIiAvwajGQu4eCiAqpljEEHe2uvZzuLdnC9mlfDxQYZJ8-wEYCfx5rLPYrUPEydA.T-qO9cXYAos8pPSUJIm2X6DxVOtz3YJNnZNcI1TnZXs&dib_tag=se&keywords=iphone&qid=1750308386&sr=8-58&xpid=4Os3N7ulCZUHa
"iPhone 16 Plus 128 GB: 5G Mobile Phone with Camera Control, A18 Chip and a Big Boost in Battery Life. Works with AirPods; Ultrmarine","82,900",https://www.amazon.in/iPhone-16-128-Plus-Ultrmarine/dp/B0DGJ65N7V/ref=sr_1_59?dib=eyJ2IjoiMSJ9.7RYT_Bty16VI2b_56uuvqvbHIUAnbJcrYt1GGpNLp42PPXVhSVmrynsc1FoWWaM-p-po9RBfarWRT81C9c8FEdot37iChneSTN_ACiXe-la7NdGL1Jgu8m_xbL_BfyrGLp8nmx2AmsgbknxRnKvBziqFK6mNqb_aPHcQaKchBaPHIiAvwajGQu4eCiAqpljEEHe2uvZzuLdnC9mlfDxQYZJ8-wEYCfx5rLPYrUPEydA.T-qO9cXYAos8pPSUJIm2X6DxVOtz3YJNnZNcI1TnZXs&dib_tag=se&keywords=iphone&qid=1750308386&sr=8-59&xpid=4Os3N7ulCZUHa
"iPhone 16 Pro Max 1 TB: 5G Mobile Phone with Camera Control, 4K 120 fps Dolby Vision and a Huge Leap in Battery Life. Works with AirPods; Black Titanium","1,72,900",https://www.amazon.in/iPhone-16-Pro-Max-TB/dp/B0DGJD75G2/ref=sr_1_60?dib=eyJ2IjoiMSJ9.7RYT_Bty16VI2b_56uuvqvbHIUAnbJcrYt1GGpNLp42PPXVhSVmrynsc1FoWWaM-p-po9RBfarWRT81C9c8FEdot37iChneSTN_ACiXe-la7NdGL1Jgu8m_xbL_BfyrGLp8nmx2AmsgbknxRnKvBziqFK6mNqb_aPHcQaKchBaPHIiAvwajGQu4eCiAqpljEEHe2uvZzuLdnC9mlfDxQYZJ8-wEYCfx5rLPYrUPEydA.T-qO9cXYAos8pPSUJIm2X6DxVOtz3YJNnZNcI1TnZXs&dib_tag=se&keywords=iphone&qid=1750308386&sr=8-60&xpid=4Os3N7ulCZUHa
Apple iPhone 15 Pro Max (1 TB) - Black Titanium,"1,74,900",https://www.amazon.in/Apple-iPhone-15-Pro-Max/dp/B0CHXDW1B6/ref=sr_1_61?dib=eyJ2IjoiMSJ9.7RYT_Bty16VI2b_56uuvqvbHIUAnbJcrYt1GGpNLp42PPXVhSVmrynsc1FoWWaM-p-po9RBfarWRT81C9c8FEdot37iChneSTN_ACiXe-la7NdGL1Jgu8m_xbL_BfyrGLp8nmx2AmsgbknxRnKvBziqFK6mNqb_aPHcQaKchBaPHIiAvwajGQu4eCiAqpljEEHe2uvZzuLdnC9mlfDxQYZJ8-wEYCfx5rLPYrUPEydA.T-qO9cXYAos8pPSUJIm2X6DxVOtz3YJNnZNcI1TnZXs&dib_tag=se&keywords=iphone&qid=1750308386&sr=8-61&xpid=4Os3N7ulCZUHa
"iPhone 16 Pro Max 512 GB: 5G Mobile Phone with Camera Control, 4K 120 fps Dolby Vision and a Huge Leap in Battery Life. Works with AirPods; Desert Titanium","1,54,900",https://www.amazon.in/iPhone-16-Pro-Max-512/dp/B0DGJ8SYS6/ref=sr_1_62?dib=eyJ2IjoiMSJ9.7RYT_Bty16VI2b_56uuvqvbHIUAnbJcrYt1GGpNLp42PPXVhSVmrynsc1FoWWaM-p-po9RBfarWRT81C9c8FEdot37iChneSTN_ACiXe-la7NdGL1Jgu8m_xbL_BfyrGLp8nmx2AmsgbknxRnKvBziqFK6mNqb_aPHcQaKchBaPHIiAvwajGQu4eCiAqpljEEHe2uvZzuLdnC9mlfDxQYZJ8-wEYCfx5rLPYrUPEydA.T-qO9cXYAos8pPSUJIm2X6DxVOtz3YJNnZNcI1TnZXs&dib_tag=se&keywords=iphone&qid=1750308386&sr=8-62&xpid=4Os3N7ulCZUHa
"2021 Apple 10.2-inch (25.91 cm) iPad with A13 Bionic chip (Wi-Fi + Cellular, 64GB) - Silver (9th Generation)","43,400",https://www.amazon.in/Apple-10-2-inch-25-91-Bionic-Cellular/dp/B09G9CXKCQ/ref=sr_1_63?dib=eyJ2IjoiMSJ9.7RYT_Bty16VI2b_56uuvqvbHIUAnbJcrYt1GGpNLp42PPXVhSVmrynsc1FoWWaM-p-po9RBfarWRT81C9c8FEdot37iChneSTN_ACiXe-la7NdGL1Jgu8m_xbL_BfyrGLp8nmx2AmsgbknxRnKvBziqFK6mNqb_aPHcQaKchBaPHIiAvwajGQu4eCiAqpljEEHe2uvZzuLdnC9mlfDxQYZJ8-wEYCfx5rLPYrUPEydA.T-qO9cXYAos8pPSUJIm2X6DxVOtz3YJNnZNcI1TnZXs&dib_tag=se&keywords=iphone&qid=1750308386&sr=8-63&xpid=4Os3N7ulCZUHa
Apple iPhone 14 (256 GB) - Starlight,N/A,https://www.amazon.in/Apple-iPhone-14-256GB-Starlight/dp/B0BDJS3MRM/ref=sr_1_64?dib=eyJ2IjoiMSJ9.7RYT_Bty16VI2b_56uuvqvbHIUAnbJcrYt1GGpNLp42PPXVhSVmrynsc1FoWWaM-p-po9RBfarWRT81C9c8FEdot37iChneSTN_ACiXe-la7NdGL1Jgu8m_xbL_BfyrGLp8nmx2AmsgbknxRnKvBziqFK6mNqb_aPHcQaKchBaPHIiAvwajGQu4eCiAqpljEEHe2uvZzuLdnC9mlfDxQYZJ8-wEYCfx5rLPYrUPEydA.T-qO9cXYAos8pPSUJIm2X6DxVOtz3YJNnZNcI1TnZXs&dib_tag=se&keywords=iphone&qid=1750308386&sr=8-64&xpid=4Os3N7ulCZUHa
